,model,exp_type,name1,name2,swap_names,verb,action,true,pred,prompt,response
0,jurassic-large,subject-control,Avery,Casey,False,promised,to come,Avery,Avery,"You will be given a context and a question.
Context: Avery promised Casey to come.

Question:  Who came?
Answer: ","('You will be given a context and a question.\nContext: Avery promised Casey to come.\n\nQuestion:  Who came?\nAnswer: ', ' Avery came')"
1,jurassic-large,subject-control,Avery,Casey,False,promised,to go,Avery,Casey,"You will be given a context and a question.
Context: Avery promised Casey to go.

Question:  Who went?
Answer: ","('You will be given a context and a question.\nContext: Avery promised Casey to go.\n\nQuestion:  Who went?\nAnswer: ', ' Casey went')"
2,jurassic-large,subject-control,Avery,Casey,False,promised,to read,Avery,Casey,"You will be given a context and a question.
Context: Avery promised Casey to read.

Question:  Who read?
Answer: ","('You will be given a context and a question.\nContext: Avery promised Casey to read.\n\nQuestion:  Who read?\nAnswer: ', ' Casey read')"
3,jurassic-large,subject-control,Avery,Casey,False,promised,to run,Avery,Casey,"You will be given a context and a question.
Context: Avery promised Casey to run.

Question:  Who ran?
Answer: ","('You will be given a context and a question.\nContext: Avery promised Casey to run.\n\nQuestion:  Who ran?\nAnswer: ', ' Casey ran')"
4,jurassic-large,subject-control,Avery,Casey,False,promised,to call,Avery,Casey,"You will be given a context and a question.
Context: Avery promised Casey to call.

Question:  Who called?
Answer: ","('You will be given a context and a question.\nContext: Avery promised Casey to call.\n\nQuestion:  Who called?\nAnswer: ', ' Casey called')"
5,jurassic-large,subject-control,Avery,Joseph,False,promised,to come,Avery,Joseph,"You will be given a context and a question.
Context: Avery promised Joseph to come.

Question:  Who came?
Answer: ","('You will be given a context and a question.\nContext: Avery promised Joseph to come.\n\nQuestion:  Who came?\nAnswer: ', ' Joseph came')"
6,jurassic-large,subject-control,Avery,Joseph,False,promised,to go,Avery,Joseph,"You will be given a context and a question.
Context: Avery promised Joseph to go.

Question:  Who went?
Answer: ","('You will be given a context and a question.\nContext: Avery promised Joseph to go.\n\nQuestion:  Who went?\nAnswer: ', ' Joseph went')"
7,jurassic-large,subject-control,Avery,Joseph,False,promised,to read,Avery,Joseph,"You will be given a context and a question.
Context: Avery promised Joseph to read.

Question:  Who read?
Answer: ","('You will be given a context and a question.\nContext: Avery promised Joseph to read.\n\nQuestion:  Who read?\nAnswer: ', ' Joseph read')"
8,jurassic-large,subject-control,Avery,Joseph,False,promised,to run,Avery,Joseph,"You will be given a context and a question.
Context: Avery promised Joseph to run.

Question:  Who ran?
Answer: ","('You will be given a context and a question.\nContext: Avery promised Joseph to run.\n\nQuestion:  Who ran?\nAnswer: ', ' Joseph ran')"
9,jurassic-large,subject-control,Avery,Joseph,False,promised,to call,Avery,Joseph,"You will be given a context and a question.
Context: Avery promised Joseph to call.

Question:  Who called?
Answer: ","('You will be given a context and a question.\nContext: Avery promised Joseph to call.\n\nQuestion:  Who called?\nAnswer: ', ' Joseph called')"
10,jurassic-large,subject-control,Avery,Nicole,False,promised,to come,Avery,Nicole,"You will be given a context and a question.
Context: Avery promised Nicole to come.

Question:  Who came?
Answer: ","('You will be given a context and a question.\nContext: Avery promised Nicole to come.\n\nQuestion:  Who came?\nAnswer: ', ' Nicole came')"
11,jurassic-large,subject-control,Avery,Nicole,False,promised,to go,Avery,Nicole,"You will be given a context and a question.
Context: Avery promised Nicole to go.

Question:  Who went?
Answer: ","('You will be given a context and a question.\nContext: Avery promised Nicole to go.\n\nQuestion:  Who went?\nAnswer: ', ' Nicole went')"
12,jurassic-large,subject-control,Avery,Nicole,False,promised,to read,Avery,Nicole,"You will be given a context and a question.
Context: Avery promised Nicole to read.

Question:  Who read?
Answer: ","('You will be given a context and a question.\nContext: Avery promised Nicole to read.\n\nQuestion:  Who read?\nAnswer: ', ' Nicole read')"
13,jurassic-large,subject-control,Avery,Nicole,False,promised,to run,Avery,Nicole,"You will be given a context and a question.
Context: Avery promised Nicole to run.

Question:  Who ran?
Answer: ","('You will be given a context and a question.\nContext: Avery promised Nicole to run.\n\nQuestion:  Who ran?\nAnswer: ', ' Nicole ran')"
14,jurassic-large,subject-control,Avery,Nicole,False,promised,to call,Avery,Nicole,"You will be given a context and a question.
Context: Avery promised Nicole to call.

Question:  Who called?
Answer: ","('You will be given a context and a question.\nContext: Avery promised Nicole to call.\n\nQuestion:  Who called?\nAnswer: ', ' Nicole called')"
15,jurassic-large,subject-control,Avery,Stephanie,False,promised,to come,Avery,Stephanie,"You will be given a context and a question.
Context: Avery promised Stephanie to come.

Question:  Who came?
Answer: ","('You will be given a context and a question.\nContext: Avery promised Stephanie to come.\n\nQuestion:  Who came?\nAnswer: ', ' Stephanie came')"
16,jurassic-large,subject-control,Avery,Stephanie,False,promised,to go,Avery,Stephanie,"You will be given a context and a question.
Context: Avery promised Stephanie to go.

Question:  Who went?
Answer: ","('You will be given a context and a question.\nContext: Avery promised Stephanie to go.\n\nQuestion:  Who went?\nAnswer: ', ' Stephanie went')"
17,jurassic-large,subject-control,Avery,Stephanie,False,promised,to read,Avery,Stephanie,"You will be given a context and a question.
Context: Avery promised Stephanie to read.

Question:  Who read?
Answer: ","('You will be given a context and a question.\nContext: Avery promised Stephanie to read.\n\nQuestion:  Who read?\nAnswer: ', ' Stephanie read')"
18,jurassic-large,subject-control,Avery,Stephanie,False,promised,to run,Avery,Stephanie,"You will be given a context and a question.
Context: Avery promised Stephanie to run.

Question:  Who ran?
Answer: ","('You will be given a context and a question.\nContext: Avery promised Stephanie to run.\n\nQuestion:  Who ran?\nAnswer: ', ' Stephanie ran')"
19,jurassic-large,subject-control,Avery,Stephanie,False,promised,to call,Avery,Stephanie,"You will be given a context and a question.
Context: Avery promised Stephanie to call.

Question:  Who called?
Answer: ","('You will be given a context and a question.\nContext: Avery promised Stephanie to call.\n\nQuestion:  Who called?\nAnswer: ', ' Stephanie called')"
20,jurassic-large,subject-control,Avery,William,False,promised,to come,Avery,William,"You will be given a context and a question.
Context: Avery promised William to come.

Question:  Who came?
Answer: ","('You will be given a context and a question.\nContext: Avery promised William to come.\n\nQuestion:  Who came?\nAnswer: ', ' William came')"
21,jurassic-large,subject-control,Avery,William,False,promised,to go,Avery,William,"You will be given a context and a question.
Context: Avery promised William to go.

Question:  Who went?
Answer: ","('You will be given a context and a question.\nContext: Avery promised William to go.\n\nQuestion:  Who went?\nAnswer: ', ' William went')"
22,jurassic-large,subject-control,Avery,William,False,promised,to read,Avery,William,"You will be given a context and a question.
Context: Avery promised William to read.

Question:  Who read?
Answer: ","('You will be given a context and a question.\nContext: Avery promised William to read.\n\nQuestion:  Who read?\nAnswer: ', ' William read')"
23,jurassic-large,subject-control,Avery,William,False,promised,to run,Avery,William,"You will be given a context and a question.
Context: Avery promised William to run.

Question:  Who ran?
Answer: ","('You will be given a context and a question.\nContext: Avery promised William to run.\n\nQuestion:  Who ran?\nAnswer: ', ' William ran')"
24,jurassic-large,subject-control,Avery,William,False,promised,to call,Avery,William,"You will be given a context and a question.
Context: Avery promised William to call.

Question:  Who called?
Answer: ","('You will be given a context and a question.\nContext: Avery promised William to call.\n\nQuestion:  Who called?\nAnswer: ', ' William called')"
25,jurassic-large,subject-control,Casey,Avery,False,promised,to come,Casey,Casey,"You will be given a context and a question.
Context: Casey promised Avery to come.

Question:  Who came?
Answer: ","('You will be given a context and a question.\nContext: Casey promised Avery to come.\n\nQuestion:  Who came?\nAnswer: ', ' Casey came')"
26,jurassic-large,subject-control,Casey,Avery,False,promised,to go,Casey,Casey,"You will be given a context and a question.
Context: Casey promised Avery to go.

Question:  Who went?
Answer: ","('You will be given a context and a question.\nContext: Casey promised Avery to go.\n\nQuestion:  Who went?\nAnswer: ', ' Casey promised')"
27,jurassic-large,subject-control,Casey,Avery,False,promised,to read,Casey,Casey,"You will be given a context and a question.
Context: Casey promised Avery to read.

Question:  Who read?
Answer: ","('You will be given a context and a question.\nContext: Casey promised Avery to read.\n\nQuestion:  Who read?\nAnswer: ', ' Casey read')"
28,jurassic-large,subject-control,Casey,Avery,False,promised,to run,Casey,Casey,"You will be given a context and a question.
Context: Casey promised Avery to run.

Question:  Who ran?
Answer: ","('You will be given a context and a question.\nContext: Casey promised Avery to run.\n\nQuestion:  Who ran?\nAnswer: ', ' Casey ran')"
29,jurassic-large,subject-control,Casey,Avery,False,promised,to call,Casey,Casey,"You will be given a context and a question.
Context: Casey promised Avery to call.

Question:  Who called?
Answer: ","('You will be given a context and a question.\nContext: Casey promised Avery to call.\n\nQuestion:  Who called?\nAnswer: ', ' Casey promised')"
30,jurassic-large,subject-control,Casey,Joseph,False,promised,to come,Casey,Joseph,"You will be given a context and a question.
Context: Casey promised Joseph to come.

Question:  Who came?
Answer: ","('You will be given a context and a question.\nContext: Casey promised Joseph to come.\n\nQuestion:  Who came?\nAnswer: ', ' Joseph came')"
31,jurassic-large,subject-control,Casey,Joseph,False,promised,to go,Casey,Joseph,"You will be given a context and a question.
Context: Casey promised Joseph to go.

Question:  Who went?
Answer: ","('You will be given a context and a question.\nContext: Casey promised Joseph to go.\n\nQuestion:  Who went?\nAnswer: ', ' Joseph went')"
32,jurassic-large,subject-control,Casey,Joseph,False,promised,to read,Casey,Joseph,"You will be given a context and a question.
Context: Casey promised Joseph to read.

Question:  Who read?
Answer: ","('You will be given a context and a question.\nContext: Casey promised Joseph to read.\n\nQuestion:  Who read?\nAnswer: ', ' Joseph read')"
33,jurassic-large,subject-control,Casey,Joseph,False,promised,to run,Casey,Joseph,"You will be given a context and a question.
Context: Casey promised Joseph to run.

Question:  Who ran?
Answer: ","('You will be given a context and a question.\nContext: Casey promised Joseph to run.\n\nQuestion:  Who ran?\nAnswer: ', ' Joseph ran')"
34,jurassic-large,subject-control,Casey,Joseph,False,promised,to call,Casey,Casey,"You will be given a context and a question.
Context: Casey promised Joseph to call.

Question:  Who called?
Answer: ","('You will be given a context and a question.\nContext: Casey promised Joseph to call.\n\nQuestion:  Who called?\nAnswer: ', ' Casey called')"
35,jurassic-large,subject-control,Casey,Nicole,False,promised,to come,Casey,Nicole,"You will be given a context and a question.
Context: Casey promised Nicole to come.

Question:  Who came?
Answer: ","('You will be given a context and a question.\nContext: Casey promised Nicole to come.\n\nQuestion:  Who came?\nAnswer: ', ' Nicole came')"
36,jurassic-large,subject-control,Casey,Nicole,False,promised,to go,Casey,Nicole,"You will be given a context and a question.
Context: Casey promised Nicole to go.

Question:  Who went?
Answer: ","('You will be given a context and a question.\nContext: Casey promised Nicole to go.\n\nQuestion:  Who went?\nAnswer: ', ' Nicole went')"
37,jurassic-large,subject-control,Casey,Nicole,False,promised,to read,Casey,Nicole,"You will be given a context and a question.
Context: Casey promised Nicole to read.

Question:  Who read?
Answer: ","('You will be given a context and a question.\nContext: Casey promised Nicole to read.\n\nQuestion:  Who read?\nAnswer: ', ' Nicole read')"
38,jurassic-large,subject-control,Casey,Nicole,False,promised,to run,Casey,Nicole,"You will be given a context and a question.
Context: Casey promised Nicole to run.

Question:  Who ran?
Answer: ","('You will be given a context and a question.\nContext: Casey promised Nicole to run.\n\nQuestion:  Who ran?\nAnswer: ', ' Nicole ran')"
39,jurassic-large,subject-control,Casey,Nicole,False,promised,to call,Casey,Nicole,"You will be given a context and a question.
Context: Casey promised Nicole to call.

Question:  Who called?
Answer: ","('You will be given a context and a question.\nContext: Casey promised Nicole to call.\n\nQuestion:  Who called?\nAnswer: ', ' Nicole called')"
40,jurassic-large,subject-control,Casey,Stephanie,False,promised,to come,Casey,Casey,"You will be given a context and a question.
Context: Casey promised Stephanie to come.

Question:  Who came?
Answer: ","('You will be given a context and a question.\nContext: Casey promised Stephanie to come.\n\nQuestion:  Who came?\nAnswer: ', ' Casey came')"
41,jurassic-large,subject-control,Casey,Stephanie,False,promised,to go,Casey,Casey,"You will be given a context and a question.
Context: Casey promised Stephanie to go.

Question:  Who went?
Answer: ","('You will be given a context and a question.\nContext: Casey promised Stephanie to go.\n\nQuestion:  Who went?\nAnswer: ', ' Casey promised')"
42,jurassic-large,subject-control,Casey,Stephanie,False,promised,to read,Casey,Casey,"You will be given a context and a question.
Context: Casey promised Stephanie to read.

Question:  Who read?
Answer: ","('You will be given a context and a question.\nContext: Casey promised Stephanie to read.\n\nQuestion:  Who read?\nAnswer: ', ' Casey promised')"
43,jurassic-large,subject-control,Casey,Stephanie,False,promised,to run,Casey,Casey,"You will be given a context and a question.
Context: Casey promised Stephanie to run.

Question:  Who ran?
Answer: ","('You will be given a context and a question.\nContext: Casey promised Stephanie to run.\n\nQuestion:  Who ran?\nAnswer: ', ' Casey ran')"
44,jurassic-large,subject-control,Casey,Stephanie,False,promised,to call,Casey,Casey,"You will be given a context and a question.
Context: Casey promised Stephanie to call.

Question:  Who called?
Answer: ","('You will be given a context and a question.\nContext: Casey promised Stephanie to call.\n\nQuestion:  Who called?\nAnswer: ', ' Casey promised')"
45,jurassic-large,subject-control,Casey,William,False,promised,to come,Casey,William,"You will be given a context and a question.
Context: Casey promised William to come.

Question:  Who came?
Answer: ","('You will be given a context and a question.\nContext: Casey promised William to come.\n\nQuestion:  Who came?\nAnswer: ', ' William came')"
46,jurassic-large,subject-control,Casey,William,False,promised,to go,Casey,William,"You will be given a context and a question.
Context: Casey promised William to go.

Question:  Who went?
Answer: ","('You will be given a context and a question.\nContext: Casey promised William to go.\n\nQuestion:  Who went?\nAnswer: ', ' William went')"
47,jurassic-large,subject-control,Casey,William,False,promised,to read,Casey,William,"You will be given a context and a question.
Context: Casey promised William to read.

Question:  Who read?
Answer: ","('You will be given a context and a question.\nContext: Casey promised William to read.\n\nQuestion:  Who read?\nAnswer: ', ' William read')"
48,jurassic-large,subject-control,Casey,William,False,promised,to run,Casey,William,"You will be given a context and a question.
Context: Casey promised William to run.

Question:  Who ran?
Answer: ","('You will be given a context and a question.\nContext: Casey promised William to run.\n\nQuestion:  Who ran?\nAnswer: ', ' William ran')"
49,jurassic-large,subject-control,Casey,William,False,promised,to call,Casey,William,"You will be given a context and a question.
Context: Casey promised William to call.

Question:  Who called?
Answer: ","('You will be given a context and a question.\nContext: Casey promised William to call.\n\nQuestion:  Who called?\nAnswer: ', ' William called')"
50,jurassic-large,subject-control,Joseph,Avery,False,promised,to come,Joseph,Joseph,"You will be given a context and a question.
Context: Joseph promised Avery to come.

Question:  Who came?
Answer: ","('You will be given a context and a question.\nContext: Joseph promised Avery to come.\n\nQuestion:  Who came?\nAnswer: ', ' Joseph came')"
51,jurassic-large,subject-control,Joseph,Avery,False,promised,to go,Joseph,Joseph,"You will be given a context and a question.
Context: Joseph promised Avery to go.

Question:  Who went?
Answer: ","('You will be given a context and a question.\nContext: Joseph promised Avery to go.\n\nQuestion:  Who went?\nAnswer: ', ' Joseph went')"
52,jurassic-large,subject-control,Joseph,Avery,False,promised,to read,Joseph,Joseph,"You will be given a context and a question.
Context: Joseph promised Avery to read.

Question:  Who read?
Answer: ","('You will be given a context and a question.\nContext: Joseph promised Avery to read.\n\nQuestion:  Who read?\nAnswer: ', ' Joseph read')"
53,jurassic-large,subject-control,Joseph,Avery,False,promised,to run,Joseph,Joseph,"You will be given a context and a question.
Context: Joseph promised Avery to run.

Question:  Who ran?
Answer: ","('You will be given a context and a question.\nContext: Joseph promised Avery to run.\n\nQuestion:  Who ran?\nAnswer: ', ' Joseph ran')"
54,jurassic-large,subject-control,Joseph,Avery,False,promised,to call,Joseph,Joseph,"You will be given a context and a question.
Context: Joseph promised Avery to call.

Question:  Who called?
Answer: ","('You will be given a context and a question.\nContext: Joseph promised Avery to call.\n\nQuestion:  Who called?\nAnswer: ', ' Joseph called')"
55,jurassic-large,subject-control,Joseph,Casey,False,promised,to come,Joseph,Joseph,"You will be given a context and a question.
Context: Joseph promised Casey to come.

Question:  Who came?
Answer: ","('You will be given a context and a question.\nContext: Joseph promised Casey to come.\n\nQuestion:  Who came?\nAnswer: ', ' Joseph came')"
56,jurassic-large,subject-control,Joseph,Casey,False,promised,to go,Joseph,Joseph,"You will be given a context and a question.
Context: Joseph promised Casey to go.

Question:  Who went?
Answer: ","('You will be given a context and a question.\nContext: Joseph promised Casey to go.\n\nQuestion:  Who went?\nAnswer: ', ' Joseph went')"
57,jurassic-large,subject-control,Joseph,Casey,False,promised,to read,Joseph,Joseph,"You will be given a context and a question.
Context: Joseph promised Casey to read.

Question:  Who read?
Answer: ","('You will be given a context and a question.\nContext: Joseph promised Casey to read.\n\nQuestion:  Who read?\nAnswer: ', ' Joseph read')"
58,jurassic-large,subject-control,Joseph,Casey,False,promised,to run,Joseph,Joseph,"You will be given a context and a question.
Context: Joseph promised Casey to run.

Question:  Who ran?
Answer: ","('You will be given a context and a question.\nContext: Joseph promised Casey to run.\n\nQuestion:  Who ran?\nAnswer: ', ' Joseph ran')"
59,jurassic-large,subject-control,Joseph,Casey,False,promised,to call,Joseph,Joseph,"You will be given a context and a question.
Context: Joseph promised Casey to call.

Question:  Who called?
Answer: ","('You will be given a context and a question.\nContext: Joseph promised Casey to call.\n\nQuestion:  Who called?\nAnswer: ', ' Joseph called')"
60,jurassic-large,subject-control,Joseph,Nicole,False,promised,to come,Joseph,Joseph,"You will be given a context and a question.
Context: Joseph promised Nicole to come.

Question:  Who came?
Answer: ","('You will be given a context and a question.\nContext: Joseph promised Nicole to come.\n\nQuestion:  Who came?\nAnswer: ', ' Joseph came')"
61,jurassic-large,subject-control,Joseph,Nicole,False,promised,to go,Joseph,Joseph,"You will be given a context and a question.
Context: Joseph promised Nicole to go.

Question:  Who went?
Answer: ","('You will be given a context and a question.\nContext: Joseph promised Nicole to go.\n\nQuestion:  Who went?\nAnswer: ', ' Joseph went')"
62,jurassic-large,subject-control,Joseph,Nicole,False,promised,to read,Joseph,Nicole,"You will be given a context and a question.
Context: Joseph promised Nicole to read.

Question:  Who read?
Answer: ","('You will be given a context and a question.\nContext: Joseph promised Nicole to read.\n\nQuestion:  Who read?\nAnswer: ', ' Nicole read')"
63,jurassic-large,subject-control,Joseph,Nicole,False,promised,to run,Joseph,Joseph,"You will be given a context and a question.
Context: Joseph promised Nicole to run.

Question:  Who ran?
Answer: ","('You will be given a context and a question.\nContext: Joseph promised Nicole to run.\n\nQuestion:  Who ran?\nAnswer: ', ' Joseph ran')"
64,jurassic-large,subject-control,Joseph,Nicole,False,promised,to call,Joseph,Nicole,"You will be given a context and a question.
Context: Joseph promised Nicole to call.

Question:  Who called?
Answer: ","('You will be given a context and a question.\nContext: Joseph promised Nicole to call.\n\nQuestion:  Who called?\nAnswer: ', ' Nicole called')"
65,jurassic-large,subject-control,Joseph,Stephanie,False,promised,to come,Joseph,Joseph,"You will be given a context and a question.
Context: Joseph promised Stephanie to come.

Question:  Who came?
Answer: ","('You will be given a context and a question.\nContext: Joseph promised Stephanie to come.\n\nQuestion:  Who came?\nAnswer: ', ' Joseph came')"
66,jurassic-large,subject-control,Joseph,Stephanie,False,promised,to go,Joseph,Joseph,"You will be given a context and a question.
Context: Joseph promised Stephanie to go.

Question:  Who went?
Answer: ","('You will be given a context and a question.\nContext: Joseph promised Stephanie to go.\n\nQuestion:  Who went?\nAnswer: ', ' Joseph went')"
67,jurassic-large,subject-control,Joseph,Stephanie,False,promised,to read,Joseph,Joseph,"You will be given a context and a question.
Context: Joseph promised Stephanie to read.

Question:  Who read?
Answer: ","('You will be given a context and a question.\nContext: Joseph promised Stephanie to read.\n\nQuestion:  Who read?\nAnswer: ', ' Joseph read')"
68,jurassic-large,subject-control,Joseph,Stephanie,False,promised,to run,Joseph,Joseph,"You will be given a context and a question.
Context: Joseph promised Stephanie to run.

Question:  Who ran?
Answer: ","('You will be given a context and a question.\nContext: Joseph promised Stephanie to run.\n\nQuestion:  Who ran?\nAnswer: ', ' Joseph ran')"
69,jurassic-large,subject-control,Joseph,Stephanie,False,promised,to call,Joseph,Joseph,"You will be given a context and a question.
Context: Joseph promised Stephanie to call.

Question:  Who called?
Answer: ","('You will be given a context and a question.\nContext: Joseph promised Stephanie to call.\n\nQuestion:  Who called?\nAnswer: ', ' Joseph called')"
70,jurassic-large,subject-control,Joseph,William,False,promised,to come,Joseph,Joseph,"You will be given a context and a question.
Context: Joseph promised William to come.

Question:  Who came?
Answer: ","('You will be given a context and a question.\nContext: Joseph promised William to come.\n\nQuestion:  Who came?\nAnswer: ', ' Joseph came')"
71,jurassic-large,subject-control,Joseph,William,False,promised,to go,Joseph,Joseph,"You will be given a context and a question.
Context: Joseph promised William to go.

Question:  Who went?
Answer: ","('You will be given a context and a question.\nContext: Joseph promised William to go.\n\nQuestion:  Who went?\nAnswer: ', ' Joseph went')"
72,jurassic-large,subject-control,Joseph,William,False,promised,to read,Joseph,William,"You will be given a context and a question.
Context: Joseph promised William to read.

Question:  Who read?
Answer: ","('You will be given a context and a question.\nContext: Joseph promised William to read.\n\nQuestion:  Who read?\nAnswer: ', ' William read')"
73,jurassic-large,subject-control,Joseph,William,False,promised,to run,Joseph,Joseph,"You will be given a context and a question.
Context: Joseph promised William to run.

Question:  Who ran?
Answer: ","('You will be given a context and a question.\nContext: Joseph promised William to run.\n\nQuestion:  Who ran?\nAnswer: ', ' Joseph ran')"
74,jurassic-large,subject-control,Joseph,William,False,promised,to call,Joseph,Joseph,"You will be given a context and a question.
Context: Joseph promised William to call.

Question:  Who called?
Answer: ","('You will be given a context and a question.\nContext: Joseph promised William to call.\n\nQuestion:  Who called?\nAnswer: ', ' Joseph called')"
75,jurassic-large,subject-control,Nicole,Avery,False,promised,to come,Nicole,Nicole,"You will be given a context and a question.
Context: Nicole promised Avery to come.

Question:  Who came?
Answer: ","('You will be given a context and a question.\nContext: Nicole promised Avery to come.\n\nQuestion:  Who came?\nAnswer: ', ' Nicole came')"
76,jurassic-large,subject-control,Nicole,Avery,False,promised,to go,Nicole,Nicole,"You will be given a context and a question.
Context: Nicole promised Avery to go.

Question:  Who went?
Answer: ","('You will be given a context and a question.\nContext: Nicole promised Avery to go.\n\nQuestion:  Who went?\nAnswer: ', ' Nicole went')"
77,jurassic-large,subject-control,Nicole,Avery,False,promised,to read,Nicole,Nicole,"You will be given a context and a question.
Context: Nicole promised Avery to read.

Question:  Who read?
Answer: ","('You will be given a context and a question.\nContext: Nicole promised Avery to read.\n\nQuestion:  Who read?\nAnswer: ', ' Nicole read')"
78,jurassic-large,subject-control,Nicole,Avery,False,promised,to run,Nicole,Nicole,"You will be given a context and a question.
Context: Nicole promised Avery to run.

Question:  Who ran?
Answer: ","('You will be given a context and a question.\nContext: Nicole promised Avery to run.\n\nQuestion:  Who ran?\nAnswer: ', ' Nicole ran')"
79,jurassic-large,subject-control,Nicole,Avery,False,promised,to call,Nicole,Nicole,"You will be given a context and a question.
Context: Nicole promised Avery to call.

Question:  Who called?
Answer: ","('You will be given a context and a question.\nContext: Nicole promised Avery to call.\n\nQuestion:  Who called?\nAnswer: ', ' Nicole\n')"
80,jurassic-large,subject-control,Nicole,Casey,False,promised,to come,Nicole,Nicole,"You will be given a context and a question.
Context: Nicole promised Casey to come.

Question:  Who came?
Answer: ","('You will be given a context and a question.\nContext: Nicole promised Casey to come.\n\nQuestion:  Who came?\nAnswer: ', ' Nicole came')"
81,jurassic-large,subject-control,Nicole,Casey,False,promised,to go,Nicole,Nicole,"You will be given a context and a question.
Context: Nicole promised Casey to go.

Question:  Who went?
Answer: ","('You will be given a context and a question.\nContext: Nicole promised Casey to go.\n\nQuestion:  Who went?\nAnswer: ', ' Nicole went')"
82,jurassic-large,subject-control,Nicole,Casey,False,promised,to read,Nicole,Nicole,"You will be given a context and a question.
Context: Nicole promised Casey to read.

Question:  Who read?
Answer: ","('You will be given a context and a question.\nContext: Nicole promised Casey to read.\n\nQuestion:  Who read?\nAnswer: ', ' Nicole read')"
83,jurassic-large,subject-control,Nicole,Casey,False,promised,to run,Nicole,Nicole,"You will be given a context and a question.
Context: Nicole promised Casey to run.

Question:  Who ran?
Answer: ","('You will be given a context and a question.\nContext: Nicole promised Casey to run.\n\nQuestion:  Who ran?\nAnswer: ', ' Nicole ran')"
84,jurassic-large,subject-control,Nicole,Casey,False,promised,to call,Nicole,Nicole,"You will be given a context and a question.
Context: Nicole promised Casey to call.

Question:  Who called?
Answer: ","('You will be given a context and a question.\nContext: Nicole promised Casey to call.\n\nQuestion:  Who called?\nAnswer: ', ' Nicole called')"
85,jurassic-large,subject-control,Nicole,Joseph,False,promised,to come,Nicole,Nicole,"You will be given a context and a question.
Context: Nicole promised Joseph to come.

Question:  Who came?
Answer: ","('You will be given a context and a question.\nContext: Nicole promised Joseph to come.\n\nQuestion:  Who came?\nAnswer: ', ' Nicole came')"
86,jurassic-large,subject-control,Nicole,Joseph,False,promised,to go,Nicole,Nicole,"You will be given a context and a question.
Context: Nicole promised Joseph to go.

Question:  Who went?
Answer: ","('You will be given a context and a question.\nContext: Nicole promised Joseph to go.\n\nQuestion:  Who went?\nAnswer: ', ' Nicole went')"
87,jurassic-large,subject-control,Nicole,Joseph,False,promised,to read,Nicole,Nicole,"You will be given a context and a question.
Context: Nicole promised Joseph to read.

Question:  Who read?
Answer: ","('You will be given a context and a question.\nContext: Nicole promised Joseph to read.\n\nQuestion:  Who read?\nAnswer: ', ' Nicole read')"
88,jurassic-large,subject-control,Nicole,Joseph,False,promised,to run,Nicole,Nicole,"You will be given a context and a question.
Context: Nicole promised Joseph to run.

Question:  Who ran?
Answer: ","('You will be given a context and a question.\nContext: Nicole promised Joseph to run.\n\nQuestion:  Who ran?\nAnswer: ', ' Nicole ran')"
89,jurassic-large,subject-control,Nicole,Joseph,False,promised,to call,Nicole,Nicole,"You will be given a context and a question.
Context: Nicole promised Joseph to call.

Question:  Who called?
Answer: ","('You will be given a context and a question.\nContext: Nicole promised Joseph to call.\n\nQuestion:  Who called?\nAnswer: ', ' Nicole called')"
90,jurassic-large,subject-control,Nicole,Stephanie,False,promised,to come,Nicole,Nicole,"You will be given a context and a question.
Context: Nicole promised Stephanie to come.

Question:  Who came?
Answer: ","('You will be given a context and a question.\nContext: Nicole promised Stephanie to come.\n\nQuestion:  Who came?\nAnswer: ', ' Nicole came')"
91,jurassic-large,subject-control,Nicole,Stephanie,False,promised,to go,Nicole,Nicole,"You will be given a context and a question.
Context: Nicole promised Stephanie to go.

Question:  Who went?
Answer: ","('You will be given a context and a question.\nContext: Nicole promised Stephanie to go.\n\nQuestion:  Who went?\nAnswer: ', ' Nicole went')"
92,jurassic-large,subject-control,Nicole,Stephanie,False,promised,to read,Nicole,Nicole,"You will be given a context and a question.
Context: Nicole promised Stephanie to read.

Question:  Who read?
Answer: ","('You will be given a context and a question.\nContext: Nicole promised Stephanie to read.\n\nQuestion:  Who read?\nAnswer: ', ' Nicole read')"
93,jurassic-large,subject-control,Nicole,Stephanie,False,promised,to run,Nicole,Nicole,"You will be given a context and a question.
Context: Nicole promised Stephanie to run.

Question:  Who ran?
Answer: ","('You will be given a context and a question.\nContext: Nicole promised Stephanie to run.\n\nQuestion:  Who ran?\nAnswer: ', ' Nicole ran')"
94,jurassic-large,subject-control,Nicole,Stephanie,False,promised,to call,Nicole,Nicole,"You will be given a context and a question.
Context: Nicole promised Stephanie to call.

Question:  Who called?
Answer: ","('You will be given a context and a question.\nContext: Nicole promised Stephanie to call.\n\nQuestion:  Who called?\nAnswer: ', ' Nicole promised')"
95,jurassic-large,subject-control,Nicole,William,False,promised,to come,Nicole,Nicole,"You will be given a context and a question.
Context: Nicole promised William to come.

Question:  Who came?
Answer: ","('You will be given a context and a question.\nContext: Nicole promised William to come.\n\nQuestion:  Who came?\nAnswer: ', ' Nicole came')"
96,jurassic-large,subject-control,Nicole,William,False,promised,to go,Nicole,Nicole,"You will be given a context and a question.
Context: Nicole promised William to go.

Question:  Who went?
Answer: ","('You will be given a context and a question.\nContext: Nicole promised William to go.\n\nQuestion:  Who went?\nAnswer: ', ' Nicole went')"
97,jurassic-large,subject-control,Nicole,William,False,promised,to read,Nicole,Nicole,"You will be given a context and a question.
Context: Nicole promised William to read.

Question:  Who read?
Answer: ","('You will be given a context and a question.\nContext: Nicole promised William to read.\n\nQuestion:  Who read?\nAnswer: ', ' Nicole read')"
98,jurassic-large,subject-control,Nicole,William,False,promised,to run,Nicole,Nicole,"You will be given a context and a question.
Context: Nicole promised William to run.

Question:  Who ran?
Answer: ","('You will be given a context and a question.\nContext: Nicole promised William to run.\n\nQuestion:  Who ran?\nAnswer: ', ' Nicole ran')"
99,jurassic-large,subject-control,Nicole,William,False,promised,to call,Nicole,Nicole,"You will be given a context and a question.
Context: Nicole promised William to call.

Question:  Who called?
Answer: ","('You will be given a context and a question.\nContext: Nicole promised William to call.\n\nQuestion:  Who called?\nAnswer: ', ' Nicole called')"
100,jurassic-large,subject-control,Stephanie,Avery,False,promised,to come,Stephanie,Stephanie,"You will be given a context and a question.
Context: Stephanie promised Avery to come.

Question:  Who came?
Answer: ","('You will be given a context and a question.\nContext: Stephanie promised Avery to come.\n\nQuestion:  Who came?\nAnswer: ', ' Stephanie came')"
101,jurassic-large,subject-control,Stephanie,Avery,False,promised,to go,Stephanie,Stephanie,"You will be given a context and a question.
Context: Stephanie promised Avery to go.

Question:  Who went?
Answer: ","('You will be given a context and a question.\nContext: Stephanie promised Avery to go.\n\nQuestion:  Who went?\nAnswer: ', ' Stephanie went')"
102,jurassic-large,subject-control,Stephanie,Avery,False,promised,to read,Stephanie,Stephanie,"You will be given a context and a question.
Context: Stephanie promised Avery to read.

Question:  Who read?
Answer: ","('You will be given a context and a question.\nContext: Stephanie promised Avery to read.\n\nQuestion:  Who read?\nAnswer: ', ' Stephanie read')"
103,jurassic-large,subject-control,Stephanie,Avery,False,promised,to run,Stephanie,Stephanie,"You will be given a context and a question.
Context: Stephanie promised Avery to run.

Question:  Who ran?
Answer: ","('You will be given a context and a question.\nContext: Stephanie promised Avery to run.\n\nQuestion:  Who ran?\nAnswer: ', ' Stephanie ran')"
104,jurassic-large,subject-control,Stephanie,Avery,False,promised,to call,Stephanie,Stephanie,"You will be given a context and a question.
Context: Stephanie promised Avery to call.

Question:  Who called?
Answer: ","('You will be given a context and a question.\nContext: Stephanie promised Avery to call.\n\nQuestion:  Who called?\nAnswer: ', ' Stephanie called')"
105,jurassic-large,subject-control,Stephanie,Casey,False,promised,to come,Stephanie,Casey,"You will be given a context and a question.
Context: Stephanie promised Casey to come.

Question:  Who came?
Answer: ","('You will be given a context and a question.\nContext: Stephanie promised Casey to come.\n\nQuestion:  Who came?\nAnswer: ', ' Casey came')"
106,jurassic-large,subject-control,Stephanie,Casey,False,promised,to go,Stephanie,Casey,"You will be given a context and a question.
Context: Stephanie promised Casey to go.

Question:  Who went?
Answer: ","('You will be given a context and a question.\nContext: Stephanie promised Casey to go.\n\nQuestion:  Who went?\nAnswer: ', ' Casey went')"
107,jurassic-large,subject-control,Stephanie,Casey,False,promised,to read,Stephanie,Casey,"You will be given a context and a question.
Context: Stephanie promised Casey to read.

Question:  Who read?
Answer: ","('You will be given a context and a question.\nContext: Stephanie promised Casey to read.\n\nQuestion:  Who read?\nAnswer: ', ' Casey read')"
108,jurassic-large,subject-control,Stephanie,Casey,False,promised,to run,Stephanie,Stephanie,"You will be given a context and a question.
Context: Stephanie promised Casey to run.

Question:  Who ran?
Answer: ","('You will be given a context and a question.\nContext: Stephanie promised Casey to run.\n\nQuestion:  Who ran?\nAnswer: ', ' Stephanie ran')"
109,jurassic-large,subject-control,Stephanie,Casey,False,promised,to call,Stephanie,Casey,"You will be given a context and a question.
Context: Stephanie promised Casey to call.

Question:  Who called?
Answer: ","('You will be given a context and a question.\nContext: Stephanie promised Casey to call.\n\nQuestion:  Who called?\nAnswer: ', ' Casey called')"
110,jurassic-large,subject-control,Stephanie,Joseph,False,promised,to come,Stephanie,Joseph,"You will be given a context and a question.
Context: Stephanie promised Joseph to come.

Question:  Who came?
Answer: ","('You will be given a context and a question.\nContext: Stephanie promised Joseph to come.\n\nQuestion:  Who came?\nAnswer: ', ' Joseph came')"
111,jurassic-large,subject-control,Stephanie,Joseph,False,promised,to go,Stephanie,Joseph,"You will be given a context and a question.
Context: Stephanie promised Joseph to go.

Question:  Who went?
Answer: ","('You will be given a context and a question.\nContext: Stephanie promised Joseph to go.\n\nQuestion:  Who went?\nAnswer: ', ' Joseph went')"
112,jurassic-large,subject-control,Stephanie,Joseph,False,promised,to read,Stephanie,Joseph,"You will be given a context and a question.
Context: Stephanie promised Joseph to read.

Question:  Who read?
Answer: ","('You will be given a context and a question.\nContext: Stephanie promised Joseph to read.\n\nQuestion:  Who read?\nAnswer: ', ' Joseph read')"
113,jurassic-large,subject-control,Stephanie,Joseph,False,promised,to run,Stephanie,Joseph,"You will be given a context and a question.
Context: Stephanie promised Joseph to run.

Question:  Who ran?
Answer: ","('You will be given a context and a question.\nContext: Stephanie promised Joseph to run.\n\nQuestion:  Who ran?\nAnswer: ', ' Joseph ran')"
114,jurassic-large,subject-control,Stephanie,Joseph,False,promised,to call,Stephanie,Joseph,"You will be given a context and a question.
Context: Stephanie promised Joseph to call.

Question:  Who called?
Answer: ","('You will be given a context and a question.\nContext: Stephanie promised Joseph to call.\n\nQuestion:  Who called?\nAnswer: ', ' Joseph called')"
115,jurassic-large,subject-control,Stephanie,Nicole,False,promised,to come,Stephanie,Nicole,"You will be given a context and a question.
Context: Stephanie promised Nicole to come.

Question:  Who came?
Answer: ","('You will be given a context and a question.\nContext: Stephanie promised Nicole to come.\n\nQuestion:  Who came?\nAnswer: ', ' Nicole came')"
116,jurassic-large,subject-control,Stephanie,Nicole,False,promised,to go,Stephanie,Nicole,"You will be given a context and a question.
Context: Stephanie promised Nicole to go.

Question:  Who went?
Answer: ","('You will be given a context and a question.\nContext: Stephanie promised Nicole to go.\n\nQuestion:  Who went?\nAnswer: ', ' Nicole went')"
117,jurassic-large,subject-control,Stephanie,Nicole,False,promised,to read,Stephanie,Nicole,"You will be given a context and a question.
Context: Stephanie promised Nicole to read.

Question:  Who read?
Answer: ","('You will be given a context and a question.\nContext: Stephanie promised Nicole to read.\n\nQuestion:  Who read?\nAnswer: ', ' Nicole read')"
118,jurassic-large,subject-control,Stephanie,Nicole,False,promised,to run,Stephanie,Nicole,"You will be given a context and a question.
Context: Stephanie promised Nicole to run.

Question:  Who ran?
Answer: ","('You will be given a context and a question.\nContext: Stephanie promised Nicole to run.\n\nQuestion:  Who ran?\nAnswer: ', ' Nicole ran')"
119,jurassic-large,subject-control,Stephanie,Nicole,False,promised,to call,Stephanie,Nicole,"You will be given a context and a question.
Context: Stephanie promised Nicole to call.

Question:  Who called?
Answer: ","('You will be given a context and a question.\nContext: Stephanie promised Nicole to call.\n\nQuestion:  Who called?\nAnswer: ', ' Nicole called')"
120,jurassic-large,subject-control,Stephanie,William,False,promised,to come,Stephanie,William,"You will be given a context and a question.
Context: Stephanie promised William to come.

Question:  Who came?
Answer: ","('You will be given a context and a question.\nContext: Stephanie promised William to come.\n\nQuestion:  Who came?\nAnswer: ', ' William came')"
121,jurassic-large,subject-control,Stephanie,William,False,promised,to go,Stephanie,William,"You will be given a context and a question.
Context: Stephanie promised William to go.

Question:  Who went?
Answer: ","('You will be given a context and a question.\nContext: Stephanie promised William to go.\n\nQuestion:  Who went?\nAnswer: ', ' William went')"
122,jurassic-large,subject-control,Stephanie,William,False,promised,to read,Stephanie,William,"You will be given a context and a question.
Context: Stephanie promised William to read.

Question:  Who read?
Answer: ","('You will be given a context and a question.\nContext: Stephanie promised William to read.\n\nQuestion:  Who read?\nAnswer: ', ' William read')"
123,jurassic-large,subject-control,Stephanie,William,False,promised,to run,Stephanie,William,"You will be given a context and a question.
Context: Stephanie promised William to run.

Question:  Who ran?
Answer: ","('You will be given a context and a question.\nContext: Stephanie promised William to run.\n\nQuestion:  Who ran?\nAnswer: ', ' William ran')"
124,jurassic-large,subject-control,Stephanie,William,False,promised,to call,Stephanie,William,"You will be given a context and a question.
Context: Stephanie promised William to call.

Question:  Who called?
Answer: ","('You will be given a context and a question.\nContext: Stephanie promised William to call.\n\nQuestion:  Who called?\nAnswer: ', ' William called')"
125,jurassic-large,subject-control,William,Avery,False,promised,to come,William,William,"You will be given a context and a question.
Context: William promised Avery to come.

Question:  Who came?
Answer: ","('You will be given a context and a question.\nContext: William promised Avery to come.\n\nQuestion:  Who came?\nAnswer: ', ' William came')"
126,jurassic-large,subject-control,William,Avery,False,promised,to go,William,William,"You will be given a context and a question.
Context: William promised Avery to go.

Question:  Who went?
Answer: ","('You will be given a context and a question.\nContext: William promised Avery to go.\n\nQuestion:  Who went?\nAnswer: ', ' William\n')"
127,jurassic-large,subject-control,William,Avery,False,promised,to read,William,William,"You will be given a context and a question.
Context: William promised Avery to read.

Question:  Who read?
Answer: ","('You will be given a context and a question.\nContext: William promised Avery to read.\n\nQuestion:  Who read?\nAnswer: ', ' William read')"
128,jurassic-large,subject-control,William,Avery,False,promised,to run,William,William,"You will be given a context and a question.
Context: William promised Avery to run.

Question:  Who ran?
Answer: ","('You will be given a context and a question.\nContext: William promised Avery to run.\n\nQuestion:  Who ran?\nAnswer: ', ' William ran')"
129,jurassic-large,subject-control,William,Avery,False,promised,to call,William,William,"You will be given a context and a question.
Context: William promised Avery to call.

Question:  Who called?
Answer: ","('You will be given a context and a question.\nContext: William promised Avery to call.\n\nQuestion:  Who called?\nAnswer: ', ' William called')"
130,jurassic-large,subject-control,William,Casey,False,promised,to come,William,William,"You will be given a context and a question.
Context: William promised Casey to come.

Question:  Who came?
Answer: ","('You will be given a context and a question.\nContext: William promised Casey to come.\n\nQuestion:  Who came?\nAnswer: ', ' William came')"
131,jurassic-large,subject-control,William,Casey,False,promised,to go,William,William,"You will be given a context and a question.
Context: William promised Casey to go.

Question:  Who went?
Answer: ","('You will be given a context and a question.\nContext: William promised Casey to go.\n\nQuestion:  Who went?\nAnswer: ', ' William\n')"
132,jurassic-large,subject-control,William,Casey,False,promised,to read,William,William,"You will be given a context and a question.
Context: William promised Casey to read.

Question:  Who read?
Answer: ","('You will be given a context and a question.\nContext: William promised Casey to read.\n\nQuestion:  Who read?\nAnswer: ', ' William read')"
133,jurassic-large,subject-control,William,Casey,False,promised,to run,William,William,"You will be given a context and a question.
Context: William promised Casey to run.

Question:  Who ran?
Answer: ","('You will be given a context and a question.\nContext: William promised Casey to run.\n\nQuestion:  Who ran?\nAnswer: ', ' William ran')"
134,jurassic-large,subject-control,William,Casey,False,promised,to call,William,William,"You will be given a context and a question.
Context: William promised Casey to call.

Question:  Who called?
Answer: ","('You will be given a context and a question.\nContext: William promised Casey to call.\n\nQuestion:  Who called?\nAnswer: ', ' William did')"
135,jurassic-large,subject-control,William,Joseph,False,promised,to come,William,Joseph,"You will be given a context and a question.
Context: William promised Joseph to come.

Question:  Who came?
Answer: ","('You will be given a context and a question.\nContext: William promised Joseph to come.\n\nQuestion:  Who came?\nAnswer: ', ' Joseph came')"
136,jurassic-large,subject-control,William,Joseph,False,promised,to go,William,William,"You will be given a context and a question.
Context: William promised Joseph to go.

Question:  Who went?
Answer: ","('You will be given a context and a question.\nContext: William promised Joseph to go.\n\nQuestion:  Who went?\nAnswer: ', ' William\n')"
137,jurassic-large,subject-control,William,Joseph,False,promised,to read,William,Joseph,"You will be given a context and a question.
Context: William promised Joseph to read.

Question:  Who read?
Answer: ","('You will be given a context and a question.\nContext: William promised Joseph to read.\n\nQuestion:  Who read?\nAnswer: ', ' Joseph read')"
138,jurassic-large,subject-control,William,Joseph,False,promised,to run,William,Joseph,"You will be given a context and a question.
Context: William promised Joseph to run.

Question:  Who ran?
Answer: ","('You will be given a context and a question.\nContext: William promised Joseph to run.\n\nQuestion:  Who ran?\nAnswer: ', ' Joseph ran')"
139,jurassic-large,subject-control,William,Joseph,False,promised,to call,William,Joseph,"You will be given a context and a question.
Context: William promised Joseph to call.

Question:  Who called?
Answer: ","('You will be given a context and a question.\nContext: William promised Joseph to call.\n\nQuestion:  Who called?\nAnswer: ', ' Joseph called')"
140,jurassic-large,subject-control,William,Nicole,False,promised,to come,William,William,"You will be given a context and a question.
Context: William promised Nicole to come.

Question:  Who came?
Answer: ","('You will be given a context and a question.\nContext: William promised Nicole to come.\n\nQuestion:  Who came?\nAnswer: ', ' William came')"
141,jurassic-large,subject-control,William,Nicole,False,promised,to go,William,William,"You will be given a context and a question.
Context: William promised Nicole to go.

Question:  Who went?
Answer: ","('You will be given a context and a question.\nContext: William promised Nicole to go.\n\nQuestion:  Who went?\nAnswer: ', ' William\n')"
142,jurassic-large,subject-control,William,Nicole,False,promised,to read,William,William,"You will be given a context and a question.
Context: William promised Nicole to read.

Question:  Who read?
Answer: ","('You will be given a context and a question.\nContext: William promised Nicole to read.\n\nQuestion:  Who read?\nAnswer: ', ' William read')"
143,jurassic-large,subject-control,William,Nicole,False,promised,to run,William,William,"You will be given a context and a question.
Context: William promised Nicole to run.

Question:  Who ran?
Answer: ","('You will be given a context and a question.\nContext: William promised Nicole to run.\n\nQuestion:  Who ran?\nAnswer: ', ' William ran')"
144,jurassic-large,subject-control,William,Nicole,False,promised,to call,William,Nicole,"You will be given a context and a question.
Context: William promised Nicole to call.

Question:  Who called?
Answer: ","('You will be given a context and a question.\nContext: William promised Nicole to call.\n\nQuestion:  Who called?\nAnswer: ', ' Nicole called')"
145,jurassic-large,subject-control,William,Stephanie,False,promised,to come,William,William,"You will be given a context and a question.
Context: William promised Stephanie to come.

Question:  Who came?
Answer: ","('You will be given a context and a question.\nContext: William promised Stephanie to come.\n\nQuestion:  Who came?\nAnswer: ', ' William came')"
146,jurassic-large,subject-control,William,Stephanie,False,promised,to go,William,William,"You will be given a context and a question.
Context: William promised Stephanie to go.

Question:  Who went?
Answer: ","('You will be given a context and a question.\nContext: William promised Stephanie to go.\n\nQuestion:  Who went?\nAnswer: ', ' William\n')"
147,jurassic-large,subject-control,William,Stephanie,False,promised,to read,William,William,"You will be given a context and a question.
Context: William promised Stephanie to read.

Question:  Who read?
Answer: ","('You will be given a context and a question.\nContext: William promised Stephanie to read.\n\nQuestion:  Who read?\nAnswer: ', ' William read')"
148,jurassic-large,subject-control,William,Stephanie,False,promised,to run,William,William,"You will be given a context and a question.
Context: William promised Stephanie to run.

Question:  Who ran?
Answer: ","('You will be given a context and a question.\nContext: William promised Stephanie to run.\n\nQuestion:  Who ran?\nAnswer: ', ' William ran')"
149,jurassic-large,subject-control,William,Stephanie,False,promised,to call,William,William,"You will be given a context and a question.
Context: William promised Stephanie to call.

Question:  Who called?
Answer: ","('You will be given a context and a question.\nContext: William promised Stephanie to call.\n\nQuestion:  Who called?\nAnswer: ', ' William promised')"
