,model,exp_type,name1,name2,swap_names,verb,action,true,pred,prompt,response
0,gpt3,subject-control,Avery,Casey,False,threatened,to come,Avery,other,"You will be given a context and a question.
Context: Avery threatened Casey to come.

Question: Who came?
Answer: ","('You will be given a context and a question.\nContext: Avery threatened Casey to come.\n\nQuestion: Who came?\nAnswer: ', '\n')"
1,gpt3,subject-control,Avery,Casey,False,threatened,to go,Avery,Avery,"You will be given a context and a question.
Context: Avery threatened Casey to go.

Question: Who went?
Answer: ","('You will be given a context and a question.\nContext: Avery threatened Casey to go.\n\nQuestion: Who went?\nAnswer: ', 'A')"
2,gpt3,subject-control,Avery,Casey,False,threatened,to read,Avery,other,"You will be given a context and a question.
Context: Avery threatened Casey to read.

Question: Who read?
Answer: ","('You will be given a context and a question.\nContext: Avery threatened Casey to read.\n\nQuestion: Who read?\nAnswer: ', '\n')"
3,gpt3,subject-control,Avery,Casey,False,threatened,to run,Avery,Avery,"You will be given a context and a question.
Context: Avery threatened Casey to run.

Question: Who ran?
Answer: ","('You will be given a context and a question.\nContext: Avery threatened Casey to run.\n\nQuestion: Who ran?\nAnswer: ', 'A')"
4,gpt3,subject-control,Avery,Casey,False,threatened,to call,Avery,other,"You will be given a context and a question.
Context: Avery threatened Casey to call.

Question: Who called?
Answer: ","('You will be given a context and a question.\nContext: Avery threatened Casey to call.\n\nQuestion: Who called?\nAnswer: ', '\n')"
10,gpt3,subject-control,Avery,Joseph,False,threatened,to come,Avery,Joseph,"You will be given a context and a question.
Context: Avery threatened Joseph to come.

Question: Who came?
Answer: ","('You will be given a context and a question.\nContext: Avery threatened Joseph to come.\n\nQuestion: Who came?\nAnswer: ', 'Joseph')"
11,gpt3,subject-control,Avery,Joseph,False,threatened,to go,Avery,Joseph,"You will be given a context and a question.
Context: Avery threatened Joseph to go.

Question: Who went?
Answer: ","('You will be given a context and a question.\nContext: Avery threatened Joseph to go.\n\nQuestion: Who went?\nAnswer: ', 'Joseph')"
12,gpt3,subject-control,Avery,Joseph,False,threatened,to read,Avery,other,"You will be given a context and a question.
Context: Avery threatened Joseph to read.

Question: Who read?
Answer: ","('You will be given a context and a question.\nContext: Avery threatened Joseph to read.\n\nQuestion: Who read?\nAnswer: ', '\n')"
13,gpt3,subject-control,Avery,Joseph,False,threatened,to run,Avery,Joseph,"You will be given a context and a question.
Context: Avery threatened Joseph to run.

Question: Who ran?
Answer: ","('You will be given a context and a question.\nContext: Avery threatened Joseph to run.\n\nQuestion: Who ran?\nAnswer: ', 'Joseph')"
14,gpt3,subject-control,Avery,Joseph,False,threatened,to call,Avery,Joseph,"You will be given a context and a question.
Context: Avery threatened Joseph to call.

Question: Who called?
Answer: ","('You will be given a context and a question.\nContext: Avery threatened Joseph to call.\n\nQuestion: Who called?\nAnswer: ', 'Joseph')"
20,gpt3,subject-control,Avery,Nicole,False,threatened,to come,Avery,Avery,"You will be given a context and a question.
Context: Avery threatened Nicole to come.

Question: Who came?
Answer: ","('You will be given a context and a question.\nContext: Avery threatened Nicole to come.\n\nQuestion: Who came?\nAnswer: ', 'A')"
21,gpt3,subject-control,Avery,Nicole,False,threatened,to go,Avery,Avery,"You will be given a context and a question.
Context: Avery threatened Nicole to go.

Question: Who went?
Answer: ","('You will be given a context and a question.\nContext: Avery threatened Nicole to go.\n\nQuestion: Who went?\nAnswer: ', 'A')"
22,gpt3,subject-control,Avery,Nicole,False,threatened,to read,Avery,Avery,"You will be given a context and a question.
Context: Avery threatened Nicole to read.

Question: Who read?
Answer: ","('You will be given a context and a question.\nContext: Avery threatened Nicole to read.\n\nQuestion: Who read?\nAnswer: ', 'A')"
23,gpt3,subject-control,Avery,Nicole,False,threatened,to run,Avery,Avery,"You will be given a context and a question.
Context: Avery threatened Nicole to run.

Question: Who ran?
Answer: ","('You will be given a context and a question.\nContext: Avery threatened Nicole to run.\n\nQuestion: Who ran?\nAnswer: ', 'A')"
24,gpt3,subject-control,Avery,Nicole,False,threatened,to call,Avery,other,"You will be given a context and a question.
Context: Avery threatened Nicole to call.

Question: Who called?
Answer: ","('You will be given a context and a question.\nContext: Avery threatened Nicole to call.\n\nQuestion: Who called?\nAnswer: ', '\n')"
30,gpt3,subject-control,Avery,Stephanie,False,threatened,to come,Avery,Avery,"You will be given a context and a question.
Context: Avery threatened Stephanie to come.

Question: Who came?
Answer: ","('You will be given a context and a question.\nContext: Avery threatened Stephanie to come.\n\nQuestion: Who came?\nAnswer: ', 'A')"
31,gpt3,subject-control,Avery,Stephanie,False,threatened,to go,Avery,Avery,"You will be given a context and a question.
Context: Avery threatened Stephanie to go.

Question: Who went?
Answer: ","('You will be given a context and a question.\nContext: Avery threatened Stephanie to go.\n\nQuestion: Who went?\nAnswer: ', 'A')"
32,gpt3,subject-control,Avery,Stephanie,False,threatened,to read,Avery,Avery,"You will be given a context and a question.
Context: Avery threatened Stephanie to read.

Question: Who read?
Answer: ","('You will be given a context and a question.\nContext: Avery threatened Stephanie to read.\n\nQuestion: Who read?\nAnswer: ', 'A')"
33,gpt3,subject-control,Avery,Stephanie,False,threatened,to run,Avery,Avery,"You will be given a context and a question.
Context: Avery threatened Stephanie to run.

Question: Who ran?
Answer: ","('You will be given a context and a question.\nContext: Avery threatened Stephanie to run.\n\nQuestion: Who ran?\nAnswer: ', 'A')"
34,gpt3,subject-control,Avery,Stephanie,False,threatened,to call,Avery,Avery,"You will be given a context and a question.
Context: Avery threatened Stephanie to call.

Question: Who called?
Answer: ","('You will be given a context and a question.\nContext: Avery threatened Stephanie to call.\n\nQuestion: Who called?\nAnswer: ', 'A')"
40,gpt3,subject-control,Avery,William,False,threatened,to come,Avery,William,"You will be given a context and a question.
Context: Avery threatened William to come.

Question: Who came?
Answer: ","('You will be given a context and a question.\nContext: Avery threatened William to come.\n\nQuestion: Who came?\nAnswer: ', 'William')"
41,gpt3,subject-control,Avery,William,False,threatened,to go,Avery,Avery,"You will be given a context and a question.
Context: Avery threatened William to go.

Question: Who went?
Answer: ","('You will be given a context and a question.\nContext: Avery threatened William to go.\n\nQuestion: Who went?\nAnswer: ', 'A')"
42,gpt3,subject-control,Avery,William,False,threatened,to read,Avery,other,"You will be given a context and a question.
Context: Avery threatened William to read.

Question: Who read?
Answer: ","('You will be given a context and a question.\nContext: Avery threatened William to read.\n\nQuestion: Who read?\nAnswer: ', '\n')"
43,gpt3,subject-control,Avery,William,False,threatened,to run,Avery,Avery,"You will be given a context and a question.
Context: Avery threatened William to run.

Question: Who ran?
Answer: ","('You will be given a context and a question.\nContext: Avery threatened William to run.\n\nQuestion: Who ran?\nAnswer: ', 'A')"
44,gpt3,subject-control,Avery,William,False,threatened,to call,Avery,other,"You will be given a context and a question.
Context: Avery threatened William to call.

Question: Who called?
Answer: ","('You will be given a context and a question.\nContext: Avery threatened William to call.\n\nQuestion: Who called?\nAnswer: ', '\n')"
50,gpt3,subject-control,Casey,Avery,False,threatened,to come,Casey,other,"You will be given a context and a question.
Context: Casey threatened Avery to come.

Question: Who came?
Answer: ","('You will be given a context and a question.\nContext: Casey threatened Avery to come.\n\nQuestion: Who came?\nAnswer: ', '\n')"
51,gpt3,subject-control,Casey,Avery,False,threatened,to go,Casey,other,"You will be given a context and a question.
Context: Casey threatened Avery to go.

Question: Who went?
Answer: ","('You will be given a context and a question.\nContext: Casey threatened Avery to go.\n\nQuestion: Who went?\nAnswer: ', '\n')"
52,gpt3,subject-control,Casey,Avery,False,threatened,to read,Casey,other,"You will be given a context and a question.
Context: Casey threatened Avery to read.

Question: Who read?
Answer: ","('You will be given a context and a question.\nContext: Casey threatened Avery to read.\n\nQuestion: Who read?\nAnswer: ', '\n')"
53,gpt3,subject-control,Casey,Avery,False,threatened,to run,Casey,Casey,"You will be given a context and a question.
Context: Casey threatened Avery to run.

Question: Who ran?
Answer: ","('You will be given a context and a question.\nContext: Casey threatened Avery to run.\n\nQuestion: Who ran?\nAnswer: ', 'Case')"
54,gpt3,subject-control,Casey,Avery,False,threatened,to call,Casey,other,"You will be given a context and a question.
Context: Casey threatened Avery to call.

Question: Who called?
Answer: ","('You will be given a context and a question.\nContext: Casey threatened Avery to call.\n\nQuestion: Who called?\nAnswer: ', '\n')"
60,gpt3,subject-control,Casey,Joseph,False,threatened,to come,Casey,other,"You will be given a context and a question.
Context: Casey threatened Joseph to come.

Question: Who came?
Answer: ","('You will be given a context and a question.\nContext: Casey threatened Joseph to come.\n\nQuestion: Who came?\nAnswer: ', '\n')"
61,gpt3,subject-control,Casey,Joseph,False,threatened,to go,Casey,other,"You will be given a context and a question.
Context: Casey threatened Joseph to go.

Question: Who went?
Answer: ","('You will be given a context and a question.\nContext: Casey threatened Joseph to go.\n\nQuestion: Who went?\nAnswer: ', '\n')"
62,gpt3,subject-control,Casey,Joseph,False,threatened,to read,Casey,other,"You will be given a context and a question.
Context: Casey threatened Joseph to read.

Question: Who read?
Answer: ","('You will be given a context and a question.\nContext: Casey threatened Joseph to read.\n\nQuestion: Who read?\nAnswer: ', '\n')"
63,gpt3,subject-control,Casey,Joseph,False,threatened,to run,Casey,Joseph,"You will be given a context and a question.
Context: Casey threatened Joseph to run.

Question: Who ran?
Answer: ","('You will be given a context and a question.\nContext: Casey threatened Joseph to run.\n\nQuestion: Who ran?\nAnswer: ', 'Joseph')"
64,gpt3,subject-control,Casey,Joseph,False,threatened,to call,Casey,other,"You will be given a context and a question.
Context: Casey threatened Joseph to call.

Question: Who called?
Answer: ","('You will be given a context and a question.\nContext: Casey threatened Joseph to call.\n\nQuestion: Who called?\nAnswer: ', '\n')"
70,gpt3,subject-control,Casey,Nicole,False,threatened,to come,Casey,other,"You will be given a context and a question.
Context: Casey threatened Nicole to come.

Question: Who came?
Answer: ","('You will be given a context and a question.\nContext: Casey threatened Nicole to come.\n\nQuestion: Who came?\nAnswer: ', '\n')"
71,gpt3,subject-control,Casey,Nicole,False,threatened,to go,Casey,Casey,"You will be given a context and a question.
Context: Casey threatened Nicole to go.

Question: Who went?
Answer: ","('You will be given a context and a question.\nContext: Casey threatened Nicole to go.\n\nQuestion: Who went?\nAnswer: ', 'Case')"
72,gpt3,subject-control,Casey,Nicole,False,threatened,to read,Casey,Casey,"You will be given a context and a question.
Context: Casey threatened Nicole to read.

Question: Who read?
Answer: ","('You will be given a context and a question.\nContext: Casey threatened Nicole to read.\n\nQuestion: Who read?\nAnswer: ', 'Case')"
73,gpt3,subject-control,Casey,Nicole,False,threatened,to run,Casey,Casey,"You will be given a context and a question.
Context: Casey threatened Nicole to run.

Question: Who ran?
Answer: ","('You will be given a context and a question.\nContext: Casey threatened Nicole to run.\n\nQuestion: Who ran?\nAnswer: ', 'Case')"
74,gpt3,subject-control,Casey,Nicole,False,threatened,to call,Casey,other,"You will be given a context and a question.
Context: Casey threatened Nicole to call.

Question: Who called?
Answer: ","('You will be given a context and a question.\nContext: Casey threatened Nicole to call.\n\nQuestion: Who called?\nAnswer: ', '\n')"
80,gpt3,subject-control,Casey,Stephanie,False,threatened,to come,Casey,Casey,"You will be given a context and a question.
Context: Casey threatened Stephanie to come.

Question: Who came?
Answer: ","('You will be given a context and a question.\nContext: Casey threatened Stephanie to come.\n\nQuestion: Who came?\nAnswer: ', 'Case')"
81,gpt3,subject-control,Casey,Stephanie,False,threatened,to go,Casey,Casey,"You will be given a context and a question.
Context: Casey threatened Stephanie to go.

Question: Who went?
Answer: ","('You will be given a context and a question.\nContext: Casey threatened Stephanie to go.\n\nQuestion: Who went?\nAnswer: ', 'Case')"
82,gpt3,subject-control,Casey,Stephanie,False,threatened,to read,Casey,Stephanie,"You will be given a context and a question.
Context: Casey threatened Stephanie to read.

Question: Who read?
Answer: ","('You will be given a context and a question.\nContext: Casey threatened Stephanie to read.\n\nQuestion: Who read?\nAnswer: ', 'Step')"
83,gpt3,subject-control,Casey,Stephanie,False,threatened,to run,Casey,Casey,"You will be given a context and a question.
Context: Casey threatened Stephanie to run.

Question: Who ran?
Answer: ","('You will be given a context and a question.\nContext: Casey threatened Stephanie to run.\n\nQuestion: Who ran?\nAnswer: ', 'Case')"
84,gpt3,subject-control,Casey,Stephanie,False,threatened,to call,Casey,Stephanie,"You will be given a context and a question.
Context: Casey threatened Stephanie to call.

Question: Who called?
Answer: ","('You will be given a context and a question.\nContext: Casey threatened Stephanie to call.\n\nQuestion: Who called?\nAnswer: ', 'Step')"
90,gpt3,subject-control,Casey,William,False,threatened,to come,Casey,Casey,"You will be given a context and a question.
Context: Casey threatened William to come.

Question: Who came?
Answer: ","('You will be given a context and a question.\nContext: Casey threatened William to come.\n\nQuestion: Who came?\nAnswer: ', 'Case')"
91,gpt3,subject-control,Casey,William,False,threatened,to go,Casey,Casey,"You will be given a context and a question.
Context: Casey threatened William to go.

Question: Who went?
Answer: ","('You will be given a context and a question.\nContext: Casey threatened William to go.\n\nQuestion: Who went?\nAnswer: ', 'Case')"
92,gpt3,subject-control,Casey,William,False,threatened,to read,Casey,Casey,"You will be given a context and a question.
Context: Casey threatened William to read.

Question: Who read?
Answer: ","('You will be given a context and a question.\nContext: Casey threatened William to read.\n\nQuestion: Who read?\nAnswer: ', 'Case')"
93,gpt3,subject-control,Casey,William,False,threatened,to run,Casey,Casey,"You will be given a context and a question.
Context: Casey threatened William to run.

Question: Who ran?
Answer: ","('You will be given a context and a question.\nContext: Casey threatened William to run.\n\nQuestion: Who ran?\nAnswer: ', 'Case')"
94,gpt3,subject-control,Casey,William,False,threatened,to call,Casey,other,"You will be given a context and a question.
Context: Casey threatened William to call.

Question: Who called?
Answer: ","('You will be given a context and a question.\nContext: Casey threatened William to call.\n\nQuestion: Who called?\nAnswer: ', '\n')"
100,gpt3,subject-control,Joseph,Avery,False,threatened,to come,Joseph,Joseph,"You will be given a context and a question.
Context: Joseph threatened Avery to come.

Question: Who came?
Answer: ","('You will be given a context and a question.\nContext: Joseph threatened Avery to come.\n\nQuestion: Who came?\nAnswer: ', 'Joseph')"
101,gpt3,subject-control,Joseph,Avery,False,threatened,to go,Joseph,Joseph,"You will be given a context and a question.
Context: Joseph threatened Avery to go.

Question: Who went?
Answer: ","('You will be given a context and a question.\nContext: Joseph threatened Avery to go.\n\nQuestion: Who went?\nAnswer: ', 'Joseph')"
102,gpt3,subject-control,Joseph,Avery,False,threatened,to read,Joseph,Joseph,"You will be given a context and a question.
Context: Joseph threatened Avery to read.

Question: Who read?
Answer: ","('You will be given a context and a question.\nContext: Joseph threatened Avery to read.\n\nQuestion: Who read?\nAnswer: ', 'Joseph')"
103,gpt3,subject-control,Joseph,Avery,False,threatened,to run,Joseph,Joseph,"You will be given a context and a question.
Context: Joseph threatened Avery to run.

Question: Who ran?
Answer: ","('You will be given a context and a question.\nContext: Joseph threatened Avery to run.\n\nQuestion: Who ran?\nAnswer: ', 'Joseph')"
104,gpt3,subject-control,Joseph,Avery,False,threatened,to call,Joseph,other,"You will be given a context and a question.
Context: Joseph threatened Avery to call.

Question: Who called?
Answer: ","('You will be given a context and a question.\nContext: Joseph threatened Avery to call.\n\nQuestion: Who called?\nAnswer: ', '\n')"
110,gpt3,subject-control,Joseph,Casey,False,threatened,to come,Joseph,Casey,"You will be given a context and a question.
Context: Joseph threatened Casey to come.

Question: Who came?
Answer: ","('You will be given a context and a question.\nContext: Joseph threatened Casey to come.\n\nQuestion: Who came?\nAnswer: ', 'Case')"
111,gpt3,subject-control,Joseph,Casey,False,threatened,to go,Joseph,other,"You will be given a context and a question.
Context: Joseph threatened Casey to go.

Question: Who went?
Answer: ","('You will be given a context and a question.\nContext: Joseph threatened Casey to go.\n\nQuestion: Who went?\nAnswer: ', '\n')"
112,gpt3,subject-control,Joseph,Casey,False,threatened,to read,Joseph,other,"You will be given a context and a question.
Context: Joseph threatened Casey to read.

Question: Who read?
Answer: ","('You will be given a context and a question.\nContext: Joseph threatened Casey to read.\n\nQuestion: Who read?\nAnswer: ', '\n')"
113,gpt3,subject-control,Joseph,Casey,False,threatened,to run,Joseph,Joseph,"You will be given a context and a question.
Context: Joseph threatened Casey to run.

Question: Who ran?
Answer: ","('You will be given a context and a question.\nContext: Joseph threatened Casey to run.\n\nQuestion: Who ran?\nAnswer: ', 'Joseph')"
114,gpt3,subject-control,Joseph,Casey,False,threatened,to call,Joseph,other,"You will be given a context and a question.
Context: Joseph threatened Casey to call.

Question: Who called?
Answer: ","('You will be given a context and a question.\nContext: Joseph threatened Casey to call.\n\nQuestion: Who called?\nAnswer: ', '\n')"
120,gpt3,subject-control,Joseph,Nicole,False,threatened,to come,Joseph,Joseph,"You will be given a context and a question.
Context: Joseph threatened Nicole to come.

Question: Who came?
Answer: ","('You will be given a context and a question.\nContext: Joseph threatened Nicole to come.\n\nQuestion: Who came?\nAnswer: ', 'Joseph')"
121,gpt3,subject-control,Joseph,Nicole,False,threatened,to go,Joseph,Joseph,"You will be given a context and a question.
Context: Joseph threatened Nicole to go.

Question: Who went?
Answer: ","('You will be given a context and a question.\nContext: Joseph threatened Nicole to go.\n\nQuestion: Who went?\nAnswer: ', 'Joseph')"
122,gpt3,subject-control,Joseph,Nicole,False,threatened,to read,Joseph,Joseph,"You will be given a context and a question.
Context: Joseph threatened Nicole to read.

Question: Who read?
Answer: ","('You will be given a context and a question.\nContext: Joseph threatened Nicole to read.\n\nQuestion: Who read?\nAnswer: ', 'Joseph')"
123,gpt3,subject-control,Joseph,Nicole,False,threatened,to run,Joseph,Joseph,"You will be given a context and a question.
Context: Joseph threatened Nicole to run.

Question: Who ran?
Answer: ","('You will be given a context and a question.\nContext: Joseph threatened Nicole to run.\n\nQuestion: Who ran?\nAnswer: ', 'Joseph')"
124,gpt3,subject-control,Joseph,Nicole,False,threatened,to call,Joseph,Joseph,"You will be given a context and a question.
Context: Joseph threatened Nicole to call.

Question: Who called?
Answer: ","('You will be given a context and a question.\nContext: Joseph threatened Nicole to call.\n\nQuestion: Who called?\nAnswer: ', 'Joseph')"
130,gpt3,subject-control,Joseph,Stephanie,False,threatened,to come,Joseph,Joseph,"You will be given a context and a question.
Context: Joseph threatened Stephanie to come.

Question: Who came?
Answer: ","('You will be given a context and a question.\nContext: Joseph threatened Stephanie to come.\n\nQuestion: Who came?\nAnswer: ', 'Joseph')"
131,gpt3,subject-control,Joseph,Stephanie,False,threatened,to go,Joseph,Joseph,"You will be given a context and a question.
Context: Joseph threatened Stephanie to go.

Question: Who went?
Answer: ","('You will be given a context and a question.\nContext: Joseph threatened Stephanie to go.\n\nQuestion: Who went?\nAnswer: ', 'Joseph')"
132,gpt3,subject-control,Joseph,Stephanie,False,threatened,to read,Joseph,Joseph,"You will be given a context and a question.
Context: Joseph threatened Stephanie to read.

Question: Who read?
Answer: ","('You will be given a context and a question.\nContext: Joseph threatened Stephanie to read.\n\nQuestion: Who read?\nAnswer: ', 'Joseph')"
133,gpt3,subject-control,Joseph,Stephanie,False,threatened,to run,Joseph,Joseph,"You will be given a context and a question.
Context: Joseph threatened Stephanie to run.

Question: Who ran?
Answer: ","('You will be given a context and a question.\nContext: Joseph threatened Stephanie to run.\n\nQuestion: Who ran?\nAnswer: ', 'Joseph')"
134,gpt3,subject-control,Joseph,Stephanie,False,threatened,to call,Joseph,Stephanie,"You will be given a context and a question.
Context: Joseph threatened Stephanie to call.

Question: Who called?
Answer: ","('You will be given a context and a question.\nContext: Joseph threatened Stephanie to call.\n\nQuestion: Who called?\nAnswer: ', 'Step')"
140,gpt3,subject-control,Joseph,William,False,threatened,to come,Joseph,other,"You will be given a context and a question.
Context: Joseph threatened William to come.

Question: Who came?
Answer: ","('You will be given a context and a question.\nContext: Joseph threatened William to come.\n\nQuestion: Who came?\nAnswer: ', '\n')"
141,gpt3,subject-control,Joseph,William,False,threatened,to go,Joseph,other,"You will be given a context and a question.
Context: Joseph threatened William to go.

Question: Who went?
Answer: ","('You will be given a context and a question.\nContext: Joseph threatened William to go.\n\nQuestion: Who went?\nAnswer: ', '\n')"
142,gpt3,subject-control,Joseph,William,False,threatened,to read,Joseph,other,"You will be given a context and a question.
Context: Joseph threatened William to read.

Question: Who read?
Answer: ","('You will be given a context and a question.\nContext: Joseph threatened William to read.\n\nQuestion: Who read?\nAnswer: ', '\n')"
143,gpt3,subject-control,Joseph,William,False,threatened,to run,Joseph,Joseph,"You will be given a context and a question.
Context: Joseph threatened William to run.

Question: Who ran?
Answer: ","('You will be given a context and a question.\nContext: Joseph threatened William to run.\n\nQuestion: Who ran?\nAnswer: ', 'Joseph')"
144,gpt3,subject-control,Joseph,William,False,threatened,to call,Joseph,other,"You will be given a context and a question.
Context: Joseph threatened William to call.

Question: Who called?
Answer: ","('You will be given a context and a question.\nContext: Joseph threatened William to call.\n\nQuestion: Who called?\nAnswer: ', '\n')"
150,gpt3,subject-control,Nicole,Avery,False,threatened,to come,Nicole,other,"You will be given a context and a question.
Context: Nicole threatened Avery to come.

Question: Who came?
Answer: ","('You will be given a context and a question.\nContext: Nicole threatened Avery to come.\n\nQuestion: Who came?\nAnswer: ', '\n')"
151,gpt3,subject-control,Nicole,Avery,False,threatened,to go,Nicole,other,"You will be given a context and a question.
Context: Nicole threatened Avery to go.

Question: Who went?
Answer: ","('You will be given a context and a question.\nContext: Nicole threatened Avery to go.\n\nQuestion: Who went?\nAnswer: ', '\n')"
152,gpt3,subject-control,Nicole,Avery,False,threatened,to read,Nicole,other,"You will be given a context and a question.
Context: Nicole threatened Avery to read.

Question: Who read?
Answer: ","('You will be given a context and a question.\nContext: Nicole threatened Avery to read.\n\nQuestion: Who read?\nAnswer: ', '\n')"
153,gpt3,subject-control,Nicole,Avery,False,threatened,to run,Nicole,Avery,"You will be given a context and a question.
Context: Nicole threatened Avery to run.

Question: Who ran?
Answer: ","('You will be given a context and a question.\nContext: Nicole threatened Avery to run.\n\nQuestion: Who ran?\nAnswer: ', 'A')"
154,gpt3,subject-control,Nicole,Avery,False,threatened,to call,Nicole,other,"You will be given a context and a question.
Context: Nicole threatened Avery to call.

Question: Who called?
Answer: ","('You will be given a context and a question.\nContext: Nicole threatened Avery to call.\n\nQuestion: Who called?\nAnswer: ', '\n')"
160,gpt3,subject-control,Nicole,Casey,False,threatened,to come,Nicole,other,"You will be given a context and a question.
Context: Nicole threatened Casey to come.

Question: Who came?
Answer: ","('You will be given a context and a question.\nContext: Nicole threatened Casey to come.\n\nQuestion: Who came?\nAnswer: ', '\n')"
161,gpt3,subject-control,Nicole,Casey,False,threatened,to go,Nicole,other,"You will be given a context and a question.
Context: Nicole threatened Casey to go.

Question: Who went?
Answer: ","('You will be given a context and a question.\nContext: Nicole threatened Casey to go.\n\nQuestion: Who went?\nAnswer: ', '\n')"
162,gpt3,subject-control,Nicole,Casey,False,threatened,to read,Nicole,other,"You will be given a context and a question.
Context: Nicole threatened Casey to read.

Question: Who read?
Answer: ","('You will be given a context and a question.\nContext: Nicole threatened Casey to read.\n\nQuestion: Who read?\nAnswer: ', '\n')"
163,gpt3,subject-control,Nicole,Casey,False,threatened,to run,Nicole,other,"You will be given a context and a question.
Context: Nicole threatened Casey to run.

Question: Who ran?
Answer: ","('You will be given a context and a question.\nContext: Nicole threatened Casey to run.\n\nQuestion: Who ran?\nAnswer: ', 'Nic')"
164,gpt3,subject-control,Nicole,Casey,False,threatened,to call,Nicole,other,"You will be given a context and a question.
Context: Nicole threatened Casey to call.

Question: Who called?
Answer: ","('You will be given a context and a question.\nContext: Nicole threatened Casey to call.\n\nQuestion: Who called?\nAnswer: ', '\n')"
170,gpt3,subject-control,Nicole,Joseph,False,threatened,to come,Nicole,other,"You will be given a context and a question.
Context: Nicole threatened Joseph to come.

Question: Who came?
Answer: ","('You will be given a context and a question.\nContext: Nicole threatened Joseph to come.\n\nQuestion: Who came?\nAnswer: ', '\n')"
171,gpt3,subject-control,Nicole,Joseph,False,threatened,to go,Nicole,other,"You will be given a context and a question.
Context: Nicole threatened Joseph to go.

Question: Who went?
Answer: ","('You will be given a context and a question.\nContext: Nicole threatened Joseph to go.\n\nQuestion: Who went?\nAnswer: ', '\n')"
172,gpt3,subject-control,Nicole,Joseph,False,threatened,to read,Nicole,other,"You will be given a context and a question.
Context: Nicole threatened Joseph to read.

Question: Who read?
Answer: ","('You will be given a context and a question.\nContext: Nicole threatened Joseph to read.\n\nQuestion: Who read?\nAnswer: ', '\n')"
173,gpt3,subject-control,Nicole,Joseph,False,threatened,to run,Nicole,Joseph,"You will be given a context and a question.
Context: Nicole threatened Joseph to run.

Question: Who ran?
Answer: ","('You will be given a context and a question.\nContext: Nicole threatened Joseph to run.\n\nQuestion: Who ran?\nAnswer: ', 'Joseph')"
174,gpt3,subject-control,Nicole,Joseph,False,threatened,to call,Nicole,other,"You will be given a context and a question.
Context: Nicole threatened Joseph to call.

Question: Who called?
Answer: ","('You will be given a context and a question.\nContext: Nicole threatened Joseph to call.\n\nQuestion: Who called?\nAnswer: ', '\n')"
180,gpt3,subject-control,Nicole,Stephanie,False,threatened,to come,Nicole,Stephanie,"You will be given a context and a question.
Context: Nicole threatened Stephanie to come.

Question: Who came?
Answer: ","('You will be given a context and a question.\nContext: Nicole threatened Stephanie to come.\n\nQuestion: Who came?\nAnswer: ', 'Step')"
181,gpt3,subject-control,Nicole,Stephanie,False,threatened,to go,Nicole,Stephanie,"You will be given a context and a question.
Context: Nicole threatened Stephanie to go.

Question: Who went?
Answer: ","('You will be given a context and a question.\nContext: Nicole threatened Stephanie to go.\n\nQuestion: Who went?\nAnswer: ', 'Step')"
182,gpt3,subject-control,Nicole,Stephanie,False,threatened,to read,Nicole,Stephanie,"You will be given a context and a question.
Context: Nicole threatened Stephanie to read.

Question: Who read?
Answer: ","('You will be given a context and a question.\nContext: Nicole threatened Stephanie to read.\n\nQuestion: Who read?\nAnswer: ', 'Step')"
183,gpt3,subject-control,Nicole,Stephanie,False,threatened,to run,Nicole,Stephanie,"You will be given a context and a question.
Context: Nicole threatened Stephanie to run.

Question: Who ran?
Answer: ","('You will be given a context and a question.\nContext: Nicole threatened Stephanie to run.\n\nQuestion: Who ran?\nAnswer: ', 'Step')"
184,gpt3,subject-control,Nicole,Stephanie,False,threatened,to call,Nicole,other,"You will be given a context and a question.
Context: Nicole threatened Stephanie to call.

Question: Who called?
Answer: ","('You will be given a context and a question.\nContext: Nicole threatened Stephanie to call.\n\nQuestion: Who called?\nAnswer: ', '\n')"
190,gpt3,subject-control,Nicole,William,False,threatened,to come,Nicole,other,"You will be given a context and a question.
Context: Nicole threatened William to come.

Question: Who came?
Answer: ","('You will be given a context and a question.\nContext: Nicole threatened William to come.\n\nQuestion: Who came?\nAnswer: ', '\n')"
191,gpt3,subject-control,Nicole,William,False,threatened,to go,Nicole,other,"You will be given a context and a question.
Context: Nicole threatened William to go.

Question: Who went?
Answer: ","('You will be given a context and a question.\nContext: Nicole threatened William to go.\n\nQuestion: Who went?\nAnswer: ', '\n')"
192,gpt3,subject-control,Nicole,William,False,threatened,to read,Nicole,other,"You will be given a context and a question.
Context: Nicole threatened William to read.

Question: Who read?
Answer: ","('You will be given a context and a question.\nContext: Nicole threatened William to read.\n\nQuestion: Who read?\nAnswer: ', '\n')"
193,gpt3,subject-control,Nicole,William,False,threatened,to run,Nicole,other,"You will be given a context and a question.
Context: Nicole threatened William to run.

Question: Who ran?
Answer: ","('You will be given a context and a question.\nContext: Nicole threatened William to run.\n\nQuestion: Who ran?\nAnswer: ', 'Nic')"
194,gpt3,subject-control,Nicole,William,False,threatened,to call,Nicole,other,"You will be given a context and a question.
Context: Nicole threatened William to call.

Question: Who called?
Answer: ","('You will be given a context and a question.\nContext: Nicole threatened William to call.\n\nQuestion: Who called?\nAnswer: ', '\n')"
200,gpt3,subject-control,Stephanie,Avery,False,threatened,to come,Stephanie,Stephanie,"You will be given a context and a question.
Context: Stephanie threatened Avery to come.

Question: Who came?
Answer: ","('You will be given a context and a question.\nContext: Stephanie threatened Avery to come.\n\nQuestion: Who came?\nAnswer: ', 'Step')"
201,gpt3,subject-control,Stephanie,Avery,False,threatened,to go,Stephanie,Stephanie,"You will be given a context and a question.
Context: Stephanie threatened Avery to go.

Question: Who went?
Answer: ","('You will be given a context and a question.\nContext: Stephanie threatened Avery to go.\n\nQuestion: Who went?\nAnswer: ', 'Step')"
202,gpt3,subject-control,Stephanie,Avery,False,threatened,to read,Stephanie,Stephanie,"You will be given a context and a question.
Context: Stephanie threatened Avery to read.

Question: Who read?
Answer: ","('You will be given a context and a question.\nContext: Stephanie threatened Avery to read.\n\nQuestion: Who read?\nAnswer: ', 'Step')"
203,gpt3,subject-control,Stephanie,Avery,False,threatened,to run,Stephanie,Stephanie,"You will be given a context and a question.
Context: Stephanie threatened Avery to run.

Question: Who ran?
Answer: ","('You will be given a context and a question.\nContext: Stephanie threatened Avery to run.\n\nQuestion: Who ran?\nAnswer: ', 'Step')"
204,gpt3,subject-control,Stephanie,Avery,False,threatened,to call,Stephanie,Stephanie,"You will be given a context and a question.
Context: Stephanie threatened Avery to call.

Question: Who called?
Answer: ","('You will be given a context and a question.\nContext: Stephanie threatened Avery to call.\n\nQuestion: Who called?\nAnswer: ', 'Step')"
210,gpt3,subject-control,Stephanie,Casey,False,threatened,to come,Stephanie,Stephanie,"You will be given a context and a question.
Context: Stephanie threatened Casey to come.

Question: Who came?
Answer: ","('You will be given a context and a question.\nContext: Stephanie threatened Casey to come.\n\nQuestion: Who came?\nAnswer: ', 'Step')"
211,gpt3,subject-control,Stephanie,Casey,False,threatened,to go,Stephanie,Stephanie,"You will be given a context and a question.
Context: Stephanie threatened Casey to go.

Question: Who went?
Answer: ","('You will be given a context and a question.\nContext: Stephanie threatened Casey to go.\n\nQuestion: Who went?\nAnswer: ', 'Step')"
212,gpt3,subject-control,Stephanie,Casey,False,threatened,to read,Stephanie,Stephanie,"You will be given a context and a question.
Context: Stephanie threatened Casey to read.

Question: Who read?
Answer: ","('You will be given a context and a question.\nContext: Stephanie threatened Casey to read.\n\nQuestion: Who read?\nAnswer: ', 'Step')"
213,gpt3,subject-control,Stephanie,Casey,False,threatened,to run,Stephanie,Stephanie,"You will be given a context and a question.
Context: Stephanie threatened Casey to run.

Question: Who ran?
Answer: ","('You will be given a context and a question.\nContext: Stephanie threatened Casey to run.\n\nQuestion: Who ran?\nAnswer: ', 'Step')"
214,gpt3,subject-control,Stephanie,Casey,False,threatened,to call,Stephanie,Stephanie,"You will be given a context and a question.
Context: Stephanie threatened Casey to call.

Question: Who called?
Answer: ","('You will be given a context and a question.\nContext: Stephanie threatened Casey to call.\n\nQuestion: Who called?\nAnswer: ', 'Step')"
220,gpt3,subject-control,Stephanie,Joseph,False,threatened,to come,Stephanie,Joseph,"You will be given a context and a question.
Context: Stephanie threatened Joseph to come.

Question: Who came?
Answer: ","('You will be given a context and a question.\nContext: Stephanie threatened Joseph to come.\n\nQuestion: Who came?\nAnswer: ', 'Joseph')"
221,gpt3,subject-control,Stephanie,Joseph,False,threatened,to go,Stephanie,Stephanie,"You will be given a context and a question.
Context: Stephanie threatened Joseph to go.

Question: Who went?
Answer: ","('You will be given a context and a question.\nContext: Stephanie threatened Joseph to go.\n\nQuestion: Who went?\nAnswer: ', 'Step')"
222,gpt3,subject-control,Stephanie,Joseph,False,threatened,to read,Stephanie,Stephanie,"You will be given a context and a question.
Context: Stephanie threatened Joseph to read.

Question: Who read?
Answer: ","('You will be given a context and a question.\nContext: Stephanie threatened Joseph to read.\n\nQuestion: Who read?\nAnswer: ', 'Step')"
223,gpt3,subject-control,Stephanie,Joseph,False,threatened,to run,Stephanie,Stephanie,"You will be given a context and a question.
Context: Stephanie threatened Joseph to run.

Question: Who ran?
Answer: ","('You will be given a context and a question.\nContext: Stephanie threatened Joseph to run.\n\nQuestion: Who ran?\nAnswer: ', 'Step')"
224,gpt3,subject-control,Stephanie,Joseph,False,threatened,to call,Stephanie,Stephanie,"You will be given a context and a question.
Context: Stephanie threatened Joseph to call.

Question: Who called?
Answer: ","('You will be given a context and a question.\nContext: Stephanie threatened Joseph to call.\n\nQuestion: Who called?\nAnswer: ', 'Step')"
230,gpt3,subject-control,Stephanie,Nicole,False,threatened,to come,Stephanie,Stephanie,"You will be given a context and a question.
Context: Stephanie threatened Nicole to come.

Question: Who came?
Answer: ","('You will be given a context and a question.\nContext: Stephanie threatened Nicole to come.\n\nQuestion: Who came?\nAnswer: ', 'Step')"
231,gpt3,subject-control,Stephanie,Nicole,False,threatened,to go,Stephanie,Stephanie,"You will be given a context and a question.
Context: Stephanie threatened Nicole to go.

Question: Who went?
Answer: ","('You will be given a context and a question.\nContext: Stephanie threatened Nicole to go.\n\nQuestion: Who went?\nAnswer: ', 'Step')"
232,gpt3,subject-control,Stephanie,Nicole,False,threatened,to read,Stephanie,Stephanie,"You will be given a context and a question.
Context: Stephanie threatened Nicole to read.

Question: Who read?
Answer: ","('You will be given a context and a question.\nContext: Stephanie threatened Nicole to read.\n\nQuestion: Who read?\nAnswer: ', 'Step')"
233,gpt3,subject-control,Stephanie,Nicole,False,threatened,to run,Stephanie,Stephanie,"You will be given a context and a question.
Context: Stephanie threatened Nicole to run.

Question: Who ran?
Answer: ","('You will be given a context and a question.\nContext: Stephanie threatened Nicole to run.\n\nQuestion: Who ran?\nAnswer: ', 'Step')"
234,gpt3,subject-control,Stephanie,Nicole,False,threatened,to call,Stephanie,Stephanie,"You will be given a context and a question.
Context: Stephanie threatened Nicole to call.

Question: Who called?
Answer: ","('You will be given a context and a question.\nContext: Stephanie threatened Nicole to call.\n\nQuestion: Who called?\nAnswer: ', 'Step')"
240,gpt3,subject-control,Stephanie,William,False,threatened,to come,Stephanie,Stephanie,"You will be given a context and a question.
Context: Stephanie threatened William to come.

Question: Who came?
Answer: ","('You will be given a context and a question.\nContext: Stephanie threatened William to come.\n\nQuestion: Who came?\nAnswer: ', 'Step')"
241,gpt3,subject-control,Stephanie,William,False,threatened,to go,Stephanie,Stephanie,"You will be given a context and a question.
Context: Stephanie threatened William to go.

Question: Who went?
Answer: ","('You will be given a context and a question.\nContext: Stephanie threatened William to go.\n\nQuestion: Who went?\nAnswer: ', 'Step')"
242,gpt3,subject-control,Stephanie,William,False,threatened,to read,Stephanie,Stephanie,"You will be given a context and a question.
Context: Stephanie threatened William to read.

Question: Who read?
Answer: ","('You will be given a context and a question.\nContext: Stephanie threatened William to read.\n\nQuestion: Who read?\nAnswer: ', 'Step')"
243,gpt3,subject-control,Stephanie,William,False,threatened,to run,Stephanie,Stephanie,"You will be given a context and a question.
Context: Stephanie threatened William to run.

Question: Who ran?
Answer: ","('You will be given a context and a question.\nContext: Stephanie threatened William to run.\n\nQuestion: Who ran?\nAnswer: ', 'Step')"
244,gpt3,subject-control,Stephanie,William,False,threatened,to call,Stephanie,Stephanie,"You will be given a context and a question.
Context: Stephanie threatened William to call.

Question: Who called?
Answer: ","('You will be given a context and a question.\nContext: Stephanie threatened William to call.\n\nQuestion: Who called?\nAnswer: ', 'Step')"
250,gpt3,subject-control,William,Avery,False,threatened,to come,William,other,"You will be given a context and a question.
Context: William threatened Avery to come.

Question: Who came?
Answer: ","('You will be given a context and a question.\nContext: William threatened Avery to come.\n\nQuestion: Who came?\nAnswer: ', '\n')"
251,gpt3,subject-control,William,Avery,False,threatened,to go,William,other,"You will be given a context and a question.
Context: William threatened Avery to go.

Question: Who went?
Answer: ","('You will be given a context and a question.\nContext: William threatened Avery to go.\n\nQuestion: Who went?\nAnswer: ', '\n')"
252,gpt3,subject-control,William,Avery,False,threatened,to read,William,William,"You will be given a context and a question.
Context: William threatened Avery to read.

Question: Who read?
Answer: ","('You will be given a context and a question.\nContext: William threatened Avery to read.\n\nQuestion: Who read?\nAnswer: ', 'William')"
253,gpt3,subject-control,William,Avery,False,threatened,to run,William,William,"You will be given a context and a question.
Context: William threatened Avery to run.

Question: Who ran?
Answer: ","('You will be given a context and a question.\nContext: William threatened Avery to run.\n\nQuestion: Who ran?\nAnswer: ', 'William')"
254,gpt3,subject-control,William,Avery,False,threatened,to call,William,other,"You will be given a context and a question.
Context: William threatened Avery to call.

Question: Who called?
Answer: ","('You will be given a context and a question.\nContext: William threatened Avery to call.\n\nQuestion: Who called?\nAnswer: ', '\n')"
260,gpt3,subject-control,William,Casey,False,threatened,to come,William,Casey,"You will be given a context and a question.
Context: William threatened Casey to come.

Question: Who came?
Answer: ","('You will be given a context and a question.\nContext: William threatened Casey to come.\n\nQuestion: Who came?\nAnswer: ', 'Case')"
261,gpt3,subject-control,William,Casey,False,threatened,to go,William,other,"You will be given a context and a question.
Context: William threatened Casey to go.

Question: Who went?
Answer: ","('You will be given a context and a question.\nContext: William threatened Casey to go.\n\nQuestion: Who went?\nAnswer: ', '\n')"
262,gpt3,subject-control,William,Casey,False,threatened,to read,William,other,"You will be given a context and a question.
Context: William threatened Casey to read.

Question: Who read?
Answer: ","('You will be given a context and a question.\nContext: William threatened Casey to read.\n\nQuestion: Who read?\nAnswer: ', '\n')"
263,gpt3,subject-control,William,Casey,False,threatened,to run,William,William,"You will be given a context and a question.
Context: William threatened Casey to run.

Question: Who ran?
Answer: ","('You will be given a context and a question.\nContext: William threatened Casey to run.\n\nQuestion: Who ran?\nAnswer: ', 'William')"
264,gpt3,subject-control,William,Casey,False,threatened,to call,William,other,"You will be given a context and a question.
Context: William threatened Casey to call.

Question: Who called?
Answer: ","('You will be given a context and a question.\nContext: William threatened Casey to call.\n\nQuestion: Who called?\nAnswer: ', '\n')"
270,gpt3,subject-control,William,Joseph,False,threatened,to come,William,other,"You will be given a context and a question.
Context: William threatened Joseph to come.

Question: Who came?
Answer: ","('You will be given a context and a question.\nContext: William threatened Joseph to come.\n\nQuestion: Who came?\nAnswer: ', '\n')"
271,gpt3,subject-control,William,Joseph,False,threatened,to go,William,other,"You will be given a context and a question.
Context: William threatened Joseph to go.

Question: Who went?
Answer: ","('You will be given a context and a question.\nContext: William threatened Joseph to go.\n\nQuestion: Who went?\nAnswer: ', '\n')"
272,gpt3,subject-control,William,Joseph,False,threatened,to read,William,Joseph,"You will be given a context and a question.
Context: William threatened Joseph to read.

Question: Who read?
Answer: ","('You will be given a context and a question.\nContext: William threatened Joseph to read.\n\nQuestion: Who read?\nAnswer: ', 'Joseph')"
273,gpt3,subject-control,William,Joseph,False,threatened,to run,William,William,"You will be given a context and a question.
Context: William threatened Joseph to run.

Question: Who ran?
Answer: ","('You will be given a context and a question.\nContext: William threatened Joseph to run.\n\nQuestion: Who ran?\nAnswer: ', 'William')"
274,gpt3,subject-control,William,Joseph,False,threatened,to call,William,other,"You will be given a context and a question.
Context: William threatened Joseph to call.

Question: Who called?
Answer: ","('You will be given a context and a question.\nContext: William threatened Joseph to call.\n\nQuestion: Who called?\nAnswer: ', '\n')"
280,gpt3,subject-control,William,Nicole,False,threatened,to come,William,William,"You will be given a context and a question.
Context: William threatened Nicole to come.

Question: Who came?
Answer: ","('You will be given a context and a question.\nContext: William threatened Nicole to come.\n\nQuestion: Who came?\nAnswer: ', 'William')"
281,gpt3,subject-control,William,Nicole,False,threatened,to go,William,William,"You will be given a context and a question.
Context: William threatened Nicole to go.

Question: Who went?
Answer: ","('You will be given a context and a question.\nContext: William threatened Nicole to go.\n\nQuestion: Who went?\nAnswer: ', 'William')"
282,gpt3,subject-control,William,Nicole,False,threatened,to read,William,William,"You will be given a context and a question.
Context: William threatened Nicole to read.

Question: Who read?
Answer: ","('You will be given a context and a question.\nContext: William threatened Nicole to read.\n\nQuestion: Who read?\nAnswer: ', 'William')"
283,gpt3,subject-control,William,Nicole,False,threatened,to run,William,William,"You will be given a context and a question.
Context: William threatened Nicole to run.

Question: Who ran?
Answer: ","('You will be given a context and a question.\nContext: William threatened Nicole to run.\n\nQuestion: Who ran?\nAnswer: ', 'William')"
284,gpt3,subject-control,William,Nicole,False,threatened,to call,William,other,"You will be given a context and a question.
Context: William threatened Nicole to call.

Question: Who called?
Answer: ","('You will be given a context and a question.\nContext: William threatened Nicole to call.\n\nQuestion: Who called?\nAnswer: ', '\n')"
290,gpt3,subject-control,William,Stephanie,False,threatened,to come,William,William,"You will be given a context and a question.
Context: William threatened Stephanie to come.

Question: Who came?
Answer: ","('You will be given a context and a question.\nContext: William threatened Stephanie to come.\n\nQuestion: Who came?\nAnswer: ', 'William')"
291,gpt3,subject-control,William,Stephanie,False,threatened,to go,William,William,"You will be given a context and a question.
Context: William threatened Stephanie to go.

Question: Who went?
Answer: ","('You will be given a context and a question.\nContext: William threatened Stephanie to go.\n\nQuestion: Who went?\nAnswer: ', 'William')"
292,gpt3,subject-control,William,Stephanie,False,threatened,to read,William,William,"You will be given a context and a question.
Context: William threatened Stephanie to read.

Question: Who read?
Answer: ","('You will be given a context and a question.\nContext: William threatened Stephanie to read.\n\nQuestion: Who read?\nAnswer: ', 'William')"
293,gpt3,subject-control,William,Stephanie,False,threatened,to run,William,William,"You will be given a context and a question.
Context: William threatened Stephanie to run.

Question: Who ran?
Answer: ","('You will be given a context and a question.\nContext: William threatened Stephanie to run.\n\nQuestion: Who ran?\nAnswer: ', 'William')"
294,gpt3,subject-control,William,Stephanie,False,threatened,to call,William,Stephanie,"You will be given a context and a question.
Context: William threatened Stephanie to call.

Question: Who called?
Answer: ","('You will be given a context and a question.\nContext: William threatened Stephanie to call.\n\nQuestion: Who called?\nAnswer: ', 'Step')"
